id,section,genus,species,common_name
1,1,Hosta,plantaginea,Fragrant Planatain lily
2,1,Hosta,plantaginea,Fragrant Planatain lily
3,1,Prunus,laurocerasus,Cherry Laurel
4,1,Hydrangea,macrophylla,Big leaf hydrangea
5,1,Hydrangea,macrophylla,Big leaf hydrangea
6,1,Hydrangea,macrophylla,Big leaf hydrangea
7,1,Hydrangea,macrophylla,Big leaf hydrangea
8,1,Hydrangea,macrophylla,Big leaf hydrangea
9,1,Prunus,laurocerasus,Cherry Laurel
10,1,Prunus,laurocerasus,Cherry Laurel
11,1,Prunus,laurocerasus,Cherry Laurel
12,1,Begonia,cucullata,Wax begonia
12,1,Hosta,plantaginea,Fragrant Planatain lily
13,1,Prunus,laurocerasus,cherry Laurel
14,1,Prunus,laurocerasus,cherry Laurel
15,1,Hosta,plantaginea,Fragrant Planatain lily
16,1,Ulmus,crassifolia,Texas cedar elm
17,1,Hosta,plantaginea,fragrant Planatain lily
18,1,Prunus,laurocerasus,cherry Laurel
19,1,Caladiumbicolor,bicolor,Heart of Jesus
20,1,Caladiumbicolor,bicolor,Heart of Jesus
21,1,Caladiumbicolor,bicolor,Heart of Jesus
22,1,Caladiumbicolor,bicolor,Heart of Jesus
23,1,Caladiumbicolor,bicolor,Heart of Jesus
24,1,Caladiumbicolor,bicolor,Heart of Jesus
25,1,Caladiumbicolor,bicolor,Heart of Jesus
26,1,Begonia,cucullata,Wax begonia
27,1,Begonia,cucullata,Wax begonia
28,1,Begonia,cucullata,Wax begonia
29,1,Begonia,cucullata,Wax begonia
30,1,Caladiumbicolor,bicolor,heart of Jesus
31,1,Caladiumbicolor,bicolor,heart of Jesus
32,1,Caladiumbicolor,bicolor,heart of Jesus
33,1,Caladiumbicolor,bicolor,heart of Jesus
34,1,Caladiumbicolor,bicolor,heart of Jesus
35,1,Caladiumbicolor,bicolor,heart of Jesus
36,1,Caladiumbicolor,bicolor,heart of Jesus
37,1,Caladiumbicolor,bicolor,heart of Jesus
38,1,Caladiumbicolor,bicolor,heart of Jesus
39,1,Caladiumbicolor,bicolor,heart of Jesus
40,1,Caladiumbicolor,bicolor,heart of Jesus
41,1,Caladiumbicolor,bicolor,heart of Jesus
42,1,Caladiumbicolor,bicolor,heart of Jesus
43,1,Caladiumbicolor,bicolor,heart of Jesus
44,1,Caladiumbicolor,bicolor,heart of Jesus
45,1,Begonia,cucullata,wax begonia
46,1,Begonia,cucullata,wax begonia
47,1,Ophiopogon,japonicus,Dwarf lilyturf
48,1,Ophiopogon,japonicus,Dwarf lilyturf
49,1,Ophiopogon,japonicus,Dwarf lilyturf
50,1,Ophiopogon,japonicus,Dwarf lilyturf
51,1,Corpynocarpus,laerigatus,Karaka nut
52,1,Ulmus,crassifolia,Texas cedar elm
53,1,Begonia,cucullata,wax begonia
54,1,Begonia,cucullata,wax begonia
55,1,Prunus,laurocerasus,cherry Laurel
56,1,Prunus,laurocerasus,cherry Laurel
57,1,Prunus,laurocerasus,cherry Laurel
58,1,Prunus,laurocerasus,cherry Laurel
59,1,Prunus,laurocerasus,cherry Laurel
60,1,Prunus,laurocerasus,cherry Laurel
61,1,Prunus,laurocerasus,cherry Laurel
62,1,Prunus,laurocerasus,cherry Laurel
63,1,Euonymus,fortunei,wintercreeper
64,1,Euonymus,fortunei,wintercreeper
65,1,Euonymus,fortunei,wintercreeper
66,2,Hydrangea,macrophylla,Big leaf hydrangea
67,2,Hydrangea,macrophylla,Big leaf hydrangea
68,2,Hydrangea,macrophylla,Big leaf hydrangea
69,2,Hydrangea,macrophylla,Big leaf hydrangea
70,2,Hydrangea,macrophylla,Big leaf hydrangea
71,2,Hydrangea,macrophylla,Big leaf hydrangea
72,2,Hydrangea,macrophylla,Big leaf hydrangea
73,2,Hydrangea,macrophylla,big leaf hydrangea
74,2,Hydrangea,macrophylla,big leaf hydrangea
75,2,Hydrangea,macrophylla,big leaf hydrangea
76,2,Euonymus,fortunei,wintercreeper
77,2,Euonymus,fortunei,wintercreeper
78,2,Acer,palmatum,Japanese mapel
79,2,Liriope,spicata,creeping lilyturf
80,2,Liriope,spicata,creeping lilyturf
81,2,Liriope,spicata,creeping lilyturf
82,2,Liriope,spicata,creeping lilyturf
83,2,Liriope,spicata,creeping lilyturf
84,2,Sequoia,sempervirens,Coast redwood
85,2,Sequoia,sempervirens,Coast redwood
86,2,Sequoia,sempervirens,Coast redwood
87,2,Hosta,plantaginea,Fragrant Planatain lily
88,2,Liriope,spicata,creeping lilyturf
89,2,Liriope,spicata,creeping lilyturf
90,2,Liriope,spicata,creeping lilyturf
91,2,Liriope,spicata,creeping lilyturf
92,2,Liriope,spicata,creeping lilyturf
93,2,Acer,palmatum,japanese mapel
94,2,Liriope,spicata,creeping lilyturf
95,2,Liriope,spicata,creeping lilyturf
96,2,Taxus,canadensis,canada yew
97,2,Taxus,canadensis,canada yew
98,2,Taxus,canadensis,canada yew
99,2,Liriope,spicata,creeping lilyturf
100,2,Liriope,spicata,creeping lilyturf
101,2,Prunus,serofina,Black cherry
102,2,Rhododendron,maximus,Great laurel
103,2,Euonymus,fortunei,wintercreeper
104,2,Euonymus,fortunei,wintercreeper
105,2,Acer,palmatum,Japanese mapel
106,2,Taxus,canadensis,Canada yew
107,2,Taxus,canadensis,Canada yew
108,2,Taxus,canadensis,Canada yew
109,2,Taxus,canadensis,Canada yew
110,2,Liriope,spicata,creeping lilyturf
111,2,Liriope,spicata,creeping lilyturf
112,2,Liriope,spicata,creeping lilyturf
113,2,Liriope,spicata,creeping lilyturf
114,2,Liriope,spicata,creeping lilyturf
115,2,Taxus,canadensis,canada yew
116,2,Liriope,spicata,creeping lilyturf
117,2,Liriope,spicata,creeping lilyturf
118,2,Picea,pungens,Blue spruce
119,3,Liriope,spicata,creeping lilyturf
120,3,Liriope,spicata,creeping lilyturf
121,3,Liriope,spicata,creeping lilyturf
122,3,Liriope,spicata,creeping lilyturf
123,3,Picea,pungens,Blue spruce
124,3,Begonia,cucullata,wax begonia
125,3,Dracaenta,reflexa,Song of India (dragontrees)
126,3,Dracaenta,reflexa,Song of India (dragontrees)
127,3,Euonymus,fortunei,wintercreeper
128,3,Euonymus,fortunei,wintercreeper
129,3,Euonymus,fortunei,wintercreeper
130,3,Euonymus,fortunei,wintercreeper
131,3,Begonia,cucullata,wax begonia
132,3,Begonia,cucullata,wax begonia
133,3,Zelkova,serrata,Japanese Zelkova
134,3,Euonymus,fortunei,wintercreeper
135,3,Euonymus,fortunei,wintercreeper
136,3,Dracaenta,reflexa,Song of India (dragontrees)
137,3,Dracaenta,reflexa,Song of India (dragontrees)
138,3,Dracaenta,reflexa,Song of India (dragontrees)
139,3,Dracaenta,reflexa,Song of India (dragontrees)
140,3,Prunus,laurocerasus,Cherry Laurel
141,3,Begonia,cucullata,wax begonia
142,3,Begonia,cucullata,wax begonia
143,3,Begonia,cucullata,wax begonia
144,3,Prunus,laurocerasus,cherry Laurel
145,3,Ipomoea,batatas,Morning glories
146,3,Prunus,laurocerasus,cherry Laurel
147,3,Ipomoea,batatas,morning glories
148,3,Ipomoea,batatas,morning glories
149,3,Chelone,glabra,White turtlehead
150,3,Dracaenta,reflexa,Song of India (dragontrees)
151,3,Prunus,laurocerasus,cherry Laurel
152,3,Prunus,laurocerasus,cherry Laurel
153,3,Begonia,cucullata,wax begonia
154,3,Begonia,cucullata,wax begonia
155,3,Begonia,cucullata,wax begonia
156,3,Begonia,cucullata,wax begonia
157,3,Phalaris,arundinacea,Reed canary grass
158,3,Liriope,spicata,creeping lilyturf
159,3,Dracaenta,reflexa,Song of India (dragontrees)
160,3,Dracaenta,reflexa,Song of India (dragontrees)
161,3,Dracaenta,reflexa,Song of India (dragontrees)
162,3,Dracaenta,reflexa,Song of India (dragontrees)
163,3,Prunus,laurocerasus,cherry Laurel
164,3,Lagerstroemia,india,Crape myrtle
165,3,Euonymus,fortunei,wintercreeper
166,3,Euonymus,fortunei,wintercreeper
167,3,Prunus,laurocerasus,cherry Laurel
168,3,Spiraea,japonica,Japanese meadowsweet
169,3,Spiraea,japonica,Japanese meadowsweet
170,3,Prunus,laurocerasus,cherry Laurel
171,3,Prunus,laurocerasus,cherry Laurel
172,3,Spiraea,japonica,Japanese meadowsweet
173,3,Spiraea,japonica,Japanese meadowsweet
174,3,Spiraea,japonica,Japanese meadowsweet
175,3,Ulmus,crassifolia,texas cedar elm
176,3,Spiraea,japonica,Japanese meadowsweet
177,3,Spiraea,japonica,Japanese meadowsweet
178,3,Begonia,cucullata,wax begonia
179,3,Begonia,cucullata,wax begonia
180,3,Hydrangea,arborescens,Smooth leaf hydrangea
181,3,Hydrangea,arborescens,Smooth leaf hydrangea
182,3,Hydrangea,arborescens,Smooth leaf hydrangea
183,1,Hydrangea,arborescens,Smooth leaf hydrangea
184,1,Begonia,cucullata,Wax begonia
185,1,Begonia,cucullata,wax begonia
186,1,Ipomoea,batatas,morning glories
187,1,Hydrangea,macrophylla,Big leaf hydrangea
188,1,Parthenocissus,tricuspidata,Boston creeper
189,2,Euonymus,fortunei,wintercreeper
190,2,Euonymus,fortunei,wintercreeper
191,3,Dracaenta,reflexa,Song of India
192,3,Dracaenta,reflexa,Song of India (dragontrees)
193,3,Begonia,cucullata,wax begonia
194,3,Dracaenta,reflexa,Song of India (dragontrees)
195,3,Dracaenta,reflexa,Song of India (dragontrees)
